NDCG_val,HR_val,NDCG_test,HR_test
0.344706368070946,0.495897509716424,0.349458601982242,0.493103448275862
0.381920448573484,0.519948885418145,0.377461329213443,0.512384792626728

