NDCG_val,HR_val,NDCG_test,HR_test
0.42265314816517,0.572293498630531,0.420627590424496,0.580617248341505
0.425125576995713,0.561370805850301,0.409716629807773,0.551659451659451

